Customer Group,CustomerName,FactoryName,Order Value,Order Quantity,Margin
ABC S.A.,ABC S.A.,Apparels Village Limited,96964,20775,6817
ABC S.A.,ABC S.A.,Bongo Stitches Ltd.,22493,4686,1406
ABC S.A.,ABC S.A.,Lucky Star Apparels Ltd.,190893,43376,16803
ABC S.A.,ABC S.A.,Mamun Knitwear Ltd,60299,29414,3530
ABC S.A.,ABC S.A.,MG Niche Flair Ltd (Unit-2),22493,4686,1406
ABC S.A.,ABC S.A.,RBSR Fashions Ltd,109157,38562,16608
ABC S.A.,ABC S.A.,Unique Designers Ltd.,36513,11132,6791
Admiral,Admiral Diethnis Athlitiki Ltd.,,1457966,473627,0
Admiral,Admiral Diethnis Athlitiki Ltd.,Aleya Apparels Ltd.,16333,1098,2718
Admiral,Admiral Diethnis Athlitiki Ltd.,Alliance Knit Composite Ltd.,299475,37992,60614
Admiral,Admiral Diethnis Athlitiki Ltd.,Amana Knittex Ltd.,301085,41381,75813
Admiral,Admiral Diethnis Athlitiki Ltd.,APS Knit Composite Ltd.,525436,79696,98508
Admiral,Admiral Diethnis Athlitiki Ltd.,Armana Apparels Ltd,13176,1098,2696
Admiral,Admiral Diethnis Athlitiki Ltd.,Embee International Industries,112327,35544,14090
Admiral,Admiral Diethnis Athlitiki Ltd.,Excom Fashions Ltd.,144240,20102,41453
Admiral,Admiral Diethnis Athlitiki Ltd.,K.C Lingerie LTD,371490,185860,81576
Admiral,Admiral Diethnis Athlitiki Ltd.,Mitali Fashions Ltd.,161957,23115,35334
Admiral,Admiral Diethnis Athlitiki Ltd.,MZM Fashion Ltd.,52924,4095,7536
Admiral,Admiral Diethnis Athlitiki Ltd.,Pakiza Knit Composite Ltd.,2016536,331144,307539
Admiral,Admiral Diethnis Athlitiki Ltd.,VIP Spor Malzemeleri Tekstill SAN. TIC. LTD. STI.,23273,1960,2019
AJM,A.J.M. International Sports Promotions Ltd,HKD SINGAPORE PTE. LTD,58349,4692,9865
Amer Sports,Amer Sports Sourcing Limited,GMS Composite Knitting Ind. Ltd.,1337118,119276,357500
Amplified Clothing,Amplified Clothing Ltd.,Sahinler Egypt - Private Free Zone,516005,173156,91773
Apparel Group FZCO,Pathways FZCO,VIP Spor Malzemeleri Tekstill SAN. TIC. LTD. STI.,98862,9484,9565
Apparel62 SRL,Apparel62 SRL,Basic Shirts Ltd,957319,125125,120533
Apparel62 SRL,Apparel62 SRL,Eve Dress Shirts Ltd.,1100536,181560,171095
Apparel62 SRL,Apparel62 SRL,Hornbill Apparel Limited,75070,23616,13076
Apparel62 SRL,Apparel62 SRL,Minimax Ltd.,94847,23920,10024
Apparel62 SRL,Apparel62 SRL,Mosharaf Apparels Studio Limited,130973,28272,12163
Authentic Brands Group,Dayan Enterprises Corp.,Excom Fashions Ltd.,82119,7786,16549
Authentic Brands Group,Notos Com Holdings SA,Casual Garments Ltd.,103810,8650,18290
Badamax Retail. S.A.,Badamax Retail. S.A.,Jeeva Garments,13226,2814,2955
Badamax Retail. S.A.,Badamax Retail. S.A.,Saktidhara Textiles,10312,1983,1388
Badamax Retail. S.A.,Badamax Retail. S.A.,Sathish Fashion,21999,2668,3303
Basicnet,All Sports Inc.,,10075,3000,0
Basicnet,All Sports Inc.,Haewae Apparel Inc.,37707,2319,9010
Basicnet,All Sports Inc.,NRN Knitting & Garments Ltd,557,215,148
Basicnet,All Sports Inc.,P.A. Knit Composite Ltd.,1632,530,207
Basicnet,All Sports Inc.,Sanma Knit Fashions,2281,120,531
Basicnet,Basic Italia S.P.A (Basic Trademark Kappa s.r.l.),FRENDI FASHIONS. PVT.LTD,14045,1150,4730
Basicnet,CCC. EU SP. ZO. O,Cotton Field (BD) Ltd,124335,23000,30685
Basicnet,CCC. EU SP. ZO. O,Haewae Apparel Inc.,227950,16000,42550
Basicnet,CCC. EU SP. ZO. O,HKD SINGAPORE PTE. LTD,94984,9660,18417
Basicnet,CCC. EU SP. ZO. O,MF Apparels LTD.,199575,27500,47700
Basicnet,CCC. EU SP. ZO. O,N.A.Z Bangladesh Limited,446657,65550,82566
Basicnet,CCC. EU SP. ZO. O,NRN Knitting & Garments Ltd,15540,6000,4140
Basicnet,CCC. EU SP. ZO. O,P.A. Knit Composite Ltd.,144330,35600,25430
Basicnet,CCC. EU SP. ZO. O,Pakiza Knit Composite Ltd.,211180,80700,33940
Basicnet,CCC. EU SP. ZO. O,Sathish Fashion,1699,102,385
Basicnet,Crick Group (Pty) Ltd,MF Apparels LTD.,20703,2770,4949
Basicnet,Crick Group (Pty) Ltd,NRN Knitting & Garments Ltd,1554,600,414
Basicnet,Crick Group (Pty) Ltd,P.A. Knit Composite Ltd.,6952,1661,1405
Basicnet,Crick Group (Pty) Ltd,Smart Shoes Limited,10180,5330,3784
Basicnet,Deichmann SE,Haewae Apparel Inc.,5230,600,1350
Basicnet,Deichmann SE,MF Apparels LTD.,2900,200,670
Basicnet,Deichmann SE,P.A. Knit Composite Ltd.,259429,70249,53381
Basicnet,Diethnis Athlitiki Ltd.,Haewae Apparel Inc.,40845,4714,8512
Basicnet,Diethnis Athlitiki Ltd.,HKD SINGAPORE PTE. LTD,10418,766,2604
Basicnet,Diethnis Athlitiki Ltd.,P.A. Knit Composite Ltd.,51590,10999,10634
Basicnet,Diethnis Athlitiki Ltd.,Sakthi Infra Tex Private Ltd,14308,2125,2776
Basicnet,Diethnis Athlitiki Ltd.,Trent Shoes Limited,8086,3110,1711
Basicnet,Djak D.O.O. Beograd,,1749,108,0
Basicnet,Djak D.O.O. Beograd,Haewae Apparel Inc.,68704,6529,15761
Basicnet,Djak D.O.O. Beograd,HKD SINGAPORE PTE. LTD,8802,497,253
Basicnet,Djak D.O.O. Beograd,MF Apparels LTD.,83785,7034,24342
Basicnet,Djak D.O.O. Beograd,NRN Knitting & Garments Ltd,12770,3939,4178
Basicnet,Djak D.O.O. Beograd,P.A. Knit Composite Ltd.,104609,22646,15518
Basicnet,Djak D.O.O. Beograd,Sakthi Infra Tex Private Ltd,12549,1938,2358
Basicnet,Djak D.O.O. Beograd,Sathish Fashion,871,131,157
Basicnet,Djak D.O.O. Beograd,Smart Shoes Limited,23065,3055,4447
Basicnet,Djak D.O.O. Beograd,Trent Shoes Limited,53318,18600,14400
Basicnet,Djak D.O.O. Beograd,Zamco Apparel Pvt Ltd,2532,436,560
Basicnet,Dosenbach-Ochsner AG,P.A. Knit Composite Ltd.,26496,7680,4070
Basicnet,Eurosport Ltd,Haewae Apparel Inc.,681,62,123
Basicnet,Eurosport Ltd,NRN Knitting & Garments Ltd,956,312,311
Basicnet,Eurosport Ltd,P.A. Knit Composite Ltd.,13574,1292,2710
Basicnet,Eurosport Ltd,Sakthi Infra Tex Private Ltd,1735,242,334
Basicnet,Eurosport Ltd,Zamco Apparel Pvt Ltd,1211,126,275
Basicnet,Eurosports S.R.O.,Haewae Apparel Inc.,3108,98,856
Basicnet,Fros International B.V.,Amana Knittex Ltd.,16227,7650,1692
Basicnet,Kappa France S.A.R.L.,,145484,26875,0
Basicnet,Kappa France S.A.R.L.,APS Knit Composite Ltd.,19800,4500,3375
Basicnet,Kappa France S.A.R.L.,Cotton Field (BD) Ltd,750816,317505,237383
Basicnet,Kappa France S.A.R.L.,Haewae Apparel Inc.,24753,5819,5935
Basicnet,Kappa France S.A.R.L.,HKD SINGAPORE PTE. LTD,10287,700,2587
Basicnet,Kappa France S.A.R.L.,MF Apparels LTD.,61798,8331,15013
Basicnet,Kappa France S.A.R.L.,Multi-line Industries Limited (Footwear),31258,11462,9773
Basicnet,Kappa France S.A.R.L.,Noman Terry Towel Mills Limited,5640,1200,1080
Basicnet,Kappa France S.A.R.L.,NRN Knitting & Garments Ltd,32375,12500,8625
Basicnet,Kappa France S.A.R.L.,P.A. Knit Composite Ltd.,124027,31744,16389
Basicnet,Kappa France S.A.R.L.,Sanma Knit Fashions,3200,500,1075
Basicnet,Kappa France S.A.R.L.,Sathish Fashion,20060,918,6382
Basicnet,Kappa France S.A.R.L.,Smart Shoes Limited,309427,43729,66997
Basicnet,Kappa France S.A.R.L.,Trent Shoes Limited,15247,5225,4640
Basicnet,Kappa S.R.L.,,166531,74253,0
Basicnet,Kappa S.R.L.,Amana Knittex Ltd.,22680,10800,3780
Basicnet,Kappa S.R.L.,Cotton Field (BD) Ltd,413183,174475,128685
Basicnet,Kappa S.R.L.,Haewae Apparel Inc.,1597998,93334,432337
Basicnet,Kappa S.R.L.,HKD SINGAPORE PTE. LTD,146851,10256,27041
Basicnet,Kappa S.R.L.,Jeeva Garments,12330,1800,3150
Basicnet,Kappa S.R.L.,MF Apparels LTD.,124345,15279,36594
Basicnet,Kappa S.R.L.,Mitali Fashions Ltd.,703310,183578,136131
Basicnet,Kappa S.R.L.,Noman Terry Towel Mills Limited,4600,1000,800
Basicnet,Kappa S.R.L.,NRN Knitting & Garments Ltd,23127,7390,6958
Basicnet,Kappa S.R.L.,P.A. Knit Composite Ltd.,958454,209142,158807
Basicnet,Kappa S.R.L.,Ripon Knitwear Ltd,14256,6480,1944
Basicnet,Kappa S.R.L.,Royal Footwear Ltd.,71140,7372,18799
Basicnet,Kappa S.R.L.,Sakthi Infra Tex Private Ltd,792432,116250,166675
Basicnet,Kappa S.R.L.,Sanma Knit Fashions,63488,7690,16733
Basicnet,Kappa S.R.L.,Sathish Fashion,227206,18635,55610
Basicnet,Kappa S.R.L.,Shoeniverse Footwear Limited,651467,90684,143195
Basicnet,Kappa S.R.L.,Smart Shoes Limited,323211,43140,68712
Basicnet,Kappa S.R.L.,Trent Shoes Limited,160111,60760,34823
Basicnet,Kemsa C.I.S.A.,MF Apparels LTD.,64773,6804,16785
Basicnet,Kemsa C.I.S.A.,P.A. Knit Composite Ltd.,21329,3690,3493
Basicnet,Lapal Free Zone B.V.,Trent Shoes Limited,4972,1920,1046
Basicnet,Modivo S.A.,Haewae Apparel Inc.,68875,5000,13125
Basicnet,Modivo S.A.,HKD SINGAPORE PTE. LTD,26877,1700,7837
Basicnet,Modivo S.A.,P.A. Knit Composite Ltd.,83040,17950,19955
Basicnet,Modivo S.A.,Sakthi Infra Tex Private Ltd,2775,300,525
Basicnet,Modivo S.A.,Sanma Knit Fashions,5700,980,1776
Basicnet,Ochsner Sport AG,Haewae Apparel Inc.,26572,6480,6808
Basicnet,Ochsner Sport AG,MF Apparels LTD.,8655,1070,2851
Basicnet,Ochsner Sport AG,P.A. Knit Composite Ltd.,20699,4830,6480
Basicnet,Retail Morado S.A.,Fairfax Couture Pvt Ltd,5963,265,1060
Basicnet,Shanghai Kappa Sporting Goods Co. Ltd.,Haewae Apparel Inc.,7483,266,2433
Basicnet,Shanghai Kappa Sporting Goods Co. Ltd.,Sanma Knit Fashions,1196,70,268
Basicnet,Sportmaster Ltd.,Haewae Apparel Inc.,6524,620,1568
Basicnet,Sportmaster Ltd.,MF Apparels LTD.,44186,3413,12212
Basicnet,Sportmaster Ltd.,NRN Knitting & Garments Ltd,25526,9100,8426
Basicnet,Sportmaster Ltd.,P.A. Knit Composite Ltd.,62082,9144,11416
Basicnet,STX Sport Aps,,4944,1080,0
Basicnet,STX Sport Aps,Alliance Knit Composite Ltd.,220917,34171,46393
Basicnet,STX Sport Aps,Cotton Field (BD) Ltd,9124,4010,2707
Basicnet,STX Sport Aps,Haewae Apparel Inc.,223743,9143,42940
Basicnet,STX Sport Aps,Karooni Fashions Limited.,48996,7200,9756
Basicnet,STX Sport Aps,MF Apparels LTD.,151,24,34
Basicnet,STX Sport Aps,NRN Knitting & Garments Ltd,45530,19728,9033
Basicnet,STX Sport Aps,P.A. Knit Composite Ltd.,379023,105171,59973
Basicnet,STX Sport Aps,Radiance Knitwears Limited,389958,65903,94864
Basicnet,Yun San Corporation,Haewae Apparel Inc.,8798,663,1732
Basicnet,Yun San Corporation,HKD SINGAPORE PTE. LTD,3501,232,949
Basicnet,Yun San Corporation,MF Apparels LTD.,3151,392,748
Basicnet,Yun San Corporation,NRN Knitting & Garments Ltd,759,293,202
Basicnet,Yun San Corporation,P.A. Knit Composite Ltd.,8045,1032,1473
Basicnet,Yun San Corporation,Sakthi Infra Tex Private Ltd,3716,466,1069
Bestseller,Bestseller,,283654,38734,0
Bestseller,Bestseller,Adury Apparels Ltd.,2115089,386681,284014
BHPC,Apparel FZCO,,1064950,100817,0
BHPC,Apparel FZCO,Al-Amin Exports Ltd.,752055,63950,164019
BHPC,Apparel FZCO,Eve Dress Shirts Ltd.,195099,21000,27825
BHPC,Apparel FZCO,Evitex Dress Shirt Limited,90220,6500,18330
BHPC,Apparel FZCO,Excom Fashions Ltd.,780809,110158,141662
BHPC,Apparel FZCO,Graphics Textiles Ltd.,208396,39970,39391
BHPC,Apparel FZCO,Haewae Apparel Inc.,298715,13154,33071
BHPC,Apparel FZCO,HKD SINGAPORE PTE. LTD,301752,17401,40901
BHPC,Apparel FZCO,Mascot Ltd. DMCC,234998,25400,80550
BHPC,Apparel FZCO,Mitali Fashions Ltd.,82424,9400,10997
BHPC,Apparel FZCO,South End Sweater Co.Ltd,30030,2002,10110
BHPC,Apparel group (India) Private Limited,,151376,17090,0
BHPC,Apparel group (India) Private Limited,Al-Amin Exports Ltd.,99678,7850,20093
BHPC,Apparel group (India) Private Limited,Eve Dress Shirts Ltd.,25248,2800,4395
BHPC,Apparel group (India) Private Limited,Excom Fashions Ltd.,66035,8100,9317
BHPC,Apparel group (India) Private Limited,Mascot Ltd. DMCC,14171,1260,4472
BHPC,Apparel group (India) Private Limited,South End Sweater Co.Ltd,12361,940,4418
Bodytalk,Bodytalk,Gelal Corap Sanayi VE Ticaret A.S.,24341,12700,2178
BRAX,Leineweber  Gmbh U. Co. Kg,,802118,67550,0
BRAX,Leineweber  Gmbh U. Co. Kg,Crown Wears Private Ltd,5621241,357154,1330176
BRAX,Leineweber  Gmbh U. Co. Kg,Echoknits Ltd.,1790482,96652,519187
BRAX,Leineweber  Gmbh U. Co. Kg,Fakir Apparels Ltd.,408473,29076,83613
BRAX,Leineweber  Gmbh U. Co. Kg,Graphics Textiles Ltd.,1757366,150374,445685
BRAX,Leineweber  Gmbh U. Co. Kg,Sonia & Sweaters Limited,1118692,47253,360161
BRAX,Leineweber  Gmbh U. Co. Kg,Square Fashions Ltd.,632562,56311,141782
BRAX,Leineweber  Gmbh U. Co. Kg,Version Tekstil Turizm San ve Dış Tic AŞ,630883,31702,68906
BRAX,Leineweber  Gmbh U. Co. Kg,VIP Spor Malzemeleri Tekstill SAN. TIC. LTD. STI.,4905,300,1040
"BRENTWOOD HOME, LLC","Brentwood Rentwood Home, LLC",Noman Terry Towel Mills Limited,24289,3580,7161
BVB Merchandising GmbH,BVB Merchandising GmbH,Yurteks Baski Ve Tekstil San.,89102,5100,8257
Casamoda,Casamoda Heinrich Katt GmbH & Co. KG,Fakir Apparels Ltd.,364560,23594,49750
Casamoda,Casamoda Heinrich Katt GmbH & Co. KG,Graphics Textiles Ltd.,442564,21609,62196
Casamoda,Casamoda Heinrich Katt GmbH & Co. KG,Square Apparels Ltd. (Garments Unit),156438,7050,29423
Casamoda,Casamoda Heinrich Katt GmbH & Co. KG,Tech Max Limited,34633,10090,9190
Casamoda,Redmond,Tosrifa Industries Limited,329182,47577,38818
Castore,Castore,VIP Spor Malzemeleri Tekstill SAN. TIC. LTD. STI.,1712928,179655,106984
Castore,Castore,Yurteks Baski Ve Tekstil San.,220792,15580,28126
Cencosud,Cencosud Retail S.A.,Excom Fashions Ltd.,162009,42395,12048
Cencosud,Cencosud Retail S.A.,NRN Knitting & Garments Ltd,81256,22165,13151
"Centerline Athletics, LLC","Centerline Athletics, LLC",Santic (Bangladesh) Co. Ltd.,488858,49827,61396
Champion,Champion Europe S.R.L.,,224769,40457,0
Champion,Champion Europe S.R.L.,GMS Composite Knitting Ind. Ltd.,460126,155631,30834
Champion,Champion Europe S.R.L.,KA Design Ltd.,67216,1600,21616
Champion,Champion Europe S.R.L.,Libas Textiles Ltd.,996431,330510,221370
Champion,Champion Europe S.R.L.,Mondol Fabrics Ltd.,6284217,1582838,550554
CIA Hering,CIA Hering,,156588,50892,0
CIA Hering,CIA Hering,AJ Fashions Ltd,2005602,394669,7668
CIA Hering,CIA Hering,Echoknits Ltd.,1588244,493269,125560
CIA Hering,CIA Hering,MG Shirtex Limited,1642766,274693,140865
CIA Hering,CIA Hering,Shinest Apparels Ltd.,1564942,281312,138976
CIA Hering,CIA Hering,Sinha Knit And Denim Ltd.,2694403,726827,143159
Cisalfa,Cisalfa Sport S.P.A,,1631319,337238,0
Cisalfa,Cisalfa Sport S.P.A,Adury Apparels Ltd.,1183060,257300,360263
Cisalfa,Cisalfa Sport S.P.A,Al-Amin Exports Ltd.,599825,58700,172295
Cisalfa,Cisalfa Sport S.P.A,Aleya Apparels Ltd.,2377852,167144,527655
Cisalfa,Cisalfa Sport S.P.A,Armana Apparels Ltd,326886,28018,77894
Cisalfa,Cisalfa Sport S.P.A,Denimach Ltd.,520370,39500,139423
Cisalfa,Cisalfa Sport S.P.A,Eve Dress Shirts Ltd.,512276,64850,106193
Cisalfa,Cisalfa Sport S.P.A,Evitex Dress Shirt Limited,260994,31215,57471
Cisalfa,Cisalfa Sport S.P.A,Far East Knitting & Dyeing Industries Ltd,692316,117650,185731
Cisalfa,Cisalfa Sport S.P.A,Haewae Apparel Inc.,184525,10700,22832
Cisalfa,Cisalfa Sport S.P.A,Hamko Leathers Limited.,28588,3636,5749
Cisalfa,Cisalfa Sport S.P.A,HKD SINGAPORE PTE. LTD,204604,15265,45289
Cisalfa,Cisalfa Sport S.P.A,Hornbill Apparel Limited,2541216,321340,571105
Cisalfa,Cisalfa Sport S.P.A,Incredible Fashions Limited,3070491,305148,634628
Cisalfa,Cisalfa Sport S.P.A,Jai Knit Creations,99280,12345,19828
Cisalfa,Cisalfa Sport S.P.A,KA Design Ltd.,507776,120356,79108
Cisalfa,Cisalfa Sport S.P.A,LZ Fashion Wear Ltd.,707120,124336,105432
Cisalfa,Cisalfa Sport S.P.A,MARK SWEATER LTD.,87090,8500,21780
Cisalfa,Cisalfa Sport S.P.A,Marks Men Exports,42643,5107,7916
Cisalfa,Cisalfa Sport S.P.A,Mascot Ltd. DMCC,311788,23509,96186
Cisalfa,Cisalfa Sport S.P.A,MG Knit Flair Ltd.,356705,33900,102051
Cisalfa,Cisalfa Sport S.P.A,Minimax Ltd.,586525,46800,158218
Cisalfa,Cisalfa Sport S.P.A,Mosharaf Apparels Studio Limited,2897064,545254,752738
Cisalfa,Cisalfa Sport S.P.A,Norban Comtex Ltd.,377135,47800,89629
Cisalfa,Cisalfa Sport S.P.A,Santic (Bangladesh) Co. Ltd.,316363,31140,42948
Cisalfa,Cisalfa Sport S.P.A,Shoeniverse Footwear Limited,168622,11420,43573
Cisalfa,Cisalfa Sport S.P.A,Smart Shoes Limited,201304,14460,42191
Cisalfa,Cisalfa Sport S.P.A,Sonia Fine Knit Limited,233800,24600,64150
Cisalfa,Falis 2014 S.R.L,Al-Amin Exports Ltd.,63603,6180,15453
Cisalfa,Falis 2014 S.R.L,Aleya Apparels Ltd.,238222,16366,52106
Cisalfa,Falis 2014 S.R.L,Eve Dress Shirts Ltd.,8418,455,1233
Cisalfa,Falis 2014 S.R.L,Evitex Dress Shirt Limited,19275,2260,4140
Cisalfa,Falis 2014 S.R.L,Far East Knitting & Dyeing Industries Ltd,694797,69676,162068
Cisalfa,Falis 2014 S.R.L,HKD SINGAPORE PTE. LTD,48865,1720,3715
Cisalfa,Falis 2014 S.R.L,Hornbill Apparel Limited,9504,2880,2016
Cisalfa,Falis 2014 S.R.L,Incredible Fashions Limited,179545,11971,13954
Cisalfa,Falis 2014 S.R.L,Minimax Ltd.,89236,6890,26425
Cisalfa,Falis 2014 S.R.L,Mosharaf Apparels Studio Limited,622666,102759,137667
Cisalfa,Falis 2014 S.R.L,Norban Comtex Ltd.,316153,45205,85403
Cisalfa,Falis 2014 S.R.L,Sonia Fine Knit Limited,136369,12572,32514
Cisalfa,Intersport Italia SPA,Adury Apparels Ltd.,3840,1600,1040
Cisalfa,Medico Far East Limited.,,77615,7200,0
Cisalfa,Medico Far East Limited.,Al-Amin Exports Ltd.,49235,4300,14835
Cisalfa,Medico Far East Limited.,Far East Knitting & Dyeing Industries Ltd,940923,131365,224596
Cisalfa,Medico Far East Limited.,Minimax Ltd.,142360,13452,33494
Cisalfa,Medico Far East Limited.,Norban Comtex Ltd.,2154945,298000,455255
Cisalfa,Medico Far East Limited.,Sonia Fine Knit Limited,22000,2000,7600
Cloudpillo,Cloudpillo B.V.,Greenhome Furnishings Private Limited,1190566,138992,102655
Comercial Montgar SPA,Comercial Montgar SPA,Excom Fashions Ltd.,143592,14352,24018
Comercial Montgar SPA,Comercial Montgar SPA,VEERA Clothing,30938,2750,3438
Comercial TBC S.A,Comercial TBC S.A,NRN Knitting & Garments Ltd,71690,20371,13633
Comercializadora Sikerei SPA,Comercializadora Sikerei SPA,NRN Knitting & Garments Ltd,84151,21304,8742
Craft of Scandinavia,Craft of Scandinavia,Teks-Team Gida Nakl.Temizlik San.Tic. LTD. STI,21263,3711,3491
Craft of Scandinavia,Craft of Scandinavia,VIP Spor Malzemeleri Tekstill SAN. TIC. LTD. STI.,34531,2650,4295
Craft of Scandinavia,Craft of Scandinavia,Yurteks Baski Ve Tekstil San.,230218,17595,38735
Diadora,Diadora S.P.A.,,24869,3148,0
Diadora,Diadora S.P.A.,GMS Textiles Ltd.,1390259,171354,90169
Diadora,Diadora S.P.A.,LZ Fashion Wear Ltd.,2596,88,1804
Diadora,Diadora S.P.A.,LZ Textiles Ltd,1815785,165108,270059
Diadora,Diadora S.P.A.,S M Knitwears Limited,740992,139123,82046
Diamond Icon,AB Marketing Sp. z o.o,P.A. Knit Composite Ltd.,1191,161,209
Diamond Icon,Anzamar S.L,P.A. Knit Composite Ltd.,132,24,5
Diamond Icon,Bogdan Koval,P.A. Knit Composite Ltd.,2346,585,410
Diamond Icon,Brand Folio FZCO,Mitali Fashions Ltd.,39800,9677,8861
Diamond Icon,Brand Folio FZCO,P.A. Knit Composite Ltd.,48523,10481,6469
Diamond Icon,Comercial Depor Limited,Mitali Fashions Ltd.,2573,490,641
Diamond Icon,Comercial Depor Limited,P.A. Knit Composite Ltd.,1911,344,127
Diamond Icon,CRC Sports Co. Ltd.,Mitali Fashions Ltd.,11110,2400,2520
Diamond Icon,CRC Sports Co. Ltd.,P.A. Knit Composite Ltd.,15352,3448,1934
Diamond Icon,Dass Eldorado S.R.L,Mitali Fashions Ltd.,7420,1900,1525
Diamond Icon,Dass Nordeste Calcados E Art Esp SA,Mitali Fashions Ltd.,4590,900,1035
Diamond Icon,Dass Nordeste Calcados E Art Esp SA,P.A. Knit Composite Ltd.,6285,1200,795
Diamond Icon,Descente Japan Ltd,Mitali Fashions Ltd.,8000,1500,2000
Diamond Icon,Descente Japan Ltd,P.A. Knit Composite Ltd.,1110,150,195
Diamond Icon,Designworks International Pty Ltd,Mitali Fashions Ltd.,2407,495,565
Diamond Icon,Designworks International Pty Ltd,P.A. Knit Composite Ltd.,2507,430,307
Diamond Icon,Diamond Icon,Mitali Fashions Ltd.,7305,1615,1707
Diamond Icon,Diamond Icon,Multi-line Industries Limited (Footwear),375,78,45
Diamond Icon,Diamond Icon,P.A. Knit Composite Ltd.,6980,1300,510
Diamond Icon,GL Dameck Limited,,527,94,0
Diamond Icon,GL Dameck Limited,Mitali Fashions Ltd.,599222,136640,87983
Diamond Icon,GL Dameck Limited,P.A. Knit Composite Ltd.,39636,6703,5676
Diamond Icon,GL Dameck Limited,Radiance Knitwears Limited,96784,11790,16879
Diamond Icon,GL Dameck Limited,Sahinler Egypt - Private Free Zone,125377,42182,21906
Diamond Icon,Iconix Brand UK Ltd,Mitali Fashions Ltd.,138,28,33
Diamond Icon,Iconix Brand UK Ltd,P.A. Knit Composite Ltd.,54,12,11
Diamond Icon,Importadora Canaima C.A.,Mitali Fashions Ltd.,5445,990,1485
Diamond Icon,Isaac Morris Ltd,Mitali Fashions Ltd.,9420,2400,2160
Diamond Icon,KS Depor S.A.,P.A. Knit Composite Ltd.,2634,492,265
Diamond Icon,Marketing Investment Group Spotka z ograniczona od,P.A. Knit Composite Ltd.,9500,2500,2000
Diamond Icon,Outerstuff LLC,P.A. Knit Composite Ltd.,18648,3597,2347
Diamond Icon,Royer SAS,P.A. Knit Composite Ltd.,1191,161,209
Diamond Icon,Royer SAS,Smart Shoes Limited,138138,20020,23023
Diamond Icon,Scantrade Scandinavia AB,Mitali Fashions Ltd.,428,126,88
Diamond Icon,Scantrade Scandinavia AB,P.A. Knit Composite Ltd.,1118,240,221
Diamond Icon,Sport Group SA,Mitali Fashions Ltd.,5379,1550,1008
Diamond Icon,Sportinental FZ-CO,Mitali Fashions Ltd.,5830,1160,1377
Diamond Icon,Sportisimo S.R.O.,,78200,27200,0
Diamond Icon,Sportisimo S.R.O.,Mitali Fashions Ltd.,135120,43300,17290
Diamond Icon,Sportisimo S.R.O.,Multi-line Industries Limited (Footwear),78200,27200,18360
Diamond Icon,Sportisimo S.R.O.,P.A. Knit Composite Ltd.,89928,25000,21093
Diamond Icon,Staunton Sports Ltd T/A Elverys,Mitali Fashions Ltd.,20928,5276,4826
Diamond Icon,Staunton Sports Ltd T/A Elverys,P.A. Knit Composite Ltd.,2166,424,385
Diamond Icon,Staunton Sports Ltd T/A Elverys,VIP Spor Malzemeleri Tekstill SAN. TIC. LTD. STI.,35618,4618,35568
Diamond Icon,Staunton Sports Ltd T/A Elverys,Yurteks Baski Ve Tekstil San.,57266,6651,51383
Diamond Icon,Superdeporte S.A,Mitali Fashions Ltd.,13490,2960,2660
Diamond Icon,Superdeporte S.A,P.A. Knit Composite Ltd.,12915,2700,2610
Diamond Icon,Universal Athletics Gmbh,Mitali Fashions Ltd.,172937,78070,17288
Diamond Icon,Universal Athletics Gmbh,P.A. Knit Composite Ltd.,13810,2617,1604
Diamond Icon,Universal Athletics Gmbh,Radiance Knitwears Limited,766178,173849,131055
Diesel,Diesel S.P.A,4A Yarn Dyeing Ltd.,407317,17893,55092
Diesel,Diesel S.P.A,GMS Composite Knitting Ind. Ltd.,1404370,275854,130048
Diesel,Diesel S.P.A,GMS Textiles Ltd.,343946,49838,32561
Diesel,Diesel S.P.A,P.A. Knit Composite Ltd.,297599,76092,28234
Diesel,Diesel S.P.A,T-Design Knitwear Ltd.,136210,15931,33055
DK COMPANY,DK Company Cph A/S,Thirumurugan Tex,92752,24056,12164
Double TWO,Double Two,Aaron Denim Ltd.,39731,5000,0
Double TWO,Double Two,Reaz Export Apparels Ltd,431496,72709,147
Double TWO,Double Two- Russell/FOL,Eve Dress Shirts Ltd.,1723574,253368,0
Double TWO,Double Two- Russell/FOL,Reaz Export Apparels Ltd,1434643,245436,0
Double TWO,Wm Sugden And Sons Ltd,Excom Fashions Ltd.,178002,32522,0
Empresas La Polar S.A,Empresas La Polar S.A,,53900,7000,0
Empresas La Polar S.A,Empresas La Polar S.A,Bongo Stitches Ltd.,13230,2700,675
Empresas La Polar S.A,Empresas La Polar S.A,Lucky Star Apparels Ltd.,72735,12460,3105
Empresas La Polar S.A,Empresas La Polar S.A,Mamun Knitwear Ltd,197658,82508,12577
ENERGIERS,ENERGIERS,Accord Clothing,11465,5498,825
Erima,Erima,Gelal Corap Sanayi VE Ticaret A.S.,85575,37926,6241
Fairpoint Outdoors A/S,Fairpoint Outdoors A/S,Yurteks Baski Ve Tekstil San.,4834,1008,824
Falabella,Falabella De Colombia S.A.,,549710,126211,0
Falabella,Falabella De Colombia S.A.,Al-Amin Exports Ltd.,40903,8152,3739
Falabella,Falabella De Colombia S.A.,Artistic Design Ltd,79267,10420,6390
Falabella,Falabella De Colombia S.A.,Bongo Stitches Ltd.,148519,32094,39252
Falabella,Falabella De Colombia S.A.,Four Brothers Fashion,42695,11640,3973
Falabella,Falabella De Colombia S.A.,Global Fashion Garments Ltd.,235041,35807,12533
Falabella,Falabella De Colombia S.A.,Lucky Star Apparels Ltd.,397961,79455,40656
Falabella,Falabella De Colombia S.A.,M.M. Knitwear Ltd.,8909,5672,-587
Falabella,Falabella De Colombia S.A.,Mamun Knitwear Ltd,46994,22105,4996
Falabella,Falabella De Colombia S.A.,Medlar Apparels Ltd,53873,8496,5055
Falabella,Falabella De Colombia S.A.,MG Knit Flair Ltd.,4882,976,2442
Falabella,Falabella De Colombia S.A.,MG Niche Flair Ltd (Unit-2),31396,3920,2068
Falabella,Falabella De Colombia S.A.,Mohammadi Fashion Sweaters Ltd.,63061,12297,4030
Falabella,Falabella De Colombia S.A.,RBSR Fashions Ltd,151263,51538,20798
Falabella,Falabella De Colombia S.A.,Shipra Fashion Limited,107704,37289,13195
Falabella,Falabella De Colombia S.A.,Sonia Fine Knit Limited,13384,3176,1474
Falabella,Falabella De Colombia S.A.,Unique Designers Ltd.,47684,17148,12167
Falabella,Falabella De Colombia S.A.,W Apparels Ltd,24466,6350,2722
Falabella,Falabella De Colombia S.A.,ZAS APPARELS (PVT.) LTD.,26546,6080,2054
Falabella,Falabella Retail S.A.,,1417781,288234,0
Falabella,Falabella Retail S.A.,Al-Amin Exports Ltd.,340928,67434,39015
Falabella,Falabella Retail S.A.,Artistic Design Ltd,282036,39398,20744
Falabella,Falabella Retail S.A.,Bongo Stitches Ltd.,352513,73139,75847
Falabella,Falabella Retail S.A.,Four Brothers Fashion,85119,24744,7176
Falabella,Falabella Retail S.A.,Global Fashion Garments Ltd.,494739,74174,29565
Falabella,Falabella Retail S.A.,Lucky Star Apparels Ltd.,1098566,225496,127219
Falabella,Falabella Retail S.A.,M.M. Knitwear Ltd.,5288,3597,-611
Falabella,Falabella Retail S.A.,Mamun Knitwear Ltd,188558,76731,23464
Falabella,Falabella Retail S.A.,Medlar Apparels Ltd,352526,54693,35757
Falabella,Falabella Retail S.A.,MG Niche Flair Ltd (Unit-2),103055,15854,8072
Falabella,Falabella Retail S.A.,Mohammadi Fashion Sweaters Ltd.,16170,3000,870
Falabella,Falabella Retail S.A.,RBSR Fashions Ltd,617641,197423,74414
Falabella,Falabella Retail S.A.,Shipra Fashion Limited,186404,72932,10895
Falabella,Falabella Retail S.A.,Sonia Fine Knit Limited,96077,22511,10506
Falabella,Falabella Retail S.A.,Unique Designers Ltd.,100283,38362,15744
Falabella,Falabella Retail S.A.,W Apparels Ltd,79982,19394,9603
Falabella,Falabella Retail S.A.,ZAS APPARELS (PVT.) LTD.,118620,27382,11600
Falabella,Saga Falabella S.A,,1040530,210791,0
Falabella,Saga Falabella S.A,Al-Amin Exports Ltd.,117682,23436,11249
Falabella,Saga Falabella S.A,Artistic Design Ltd,258035,35492,19758
Falabella,Saga Falabella S.A,Bongo Stitches Ltd.,447128,95674,118429
Falabella,Saga Falabella S.A,Four Brothers Fashion,98159,27720,8994
Falabella,Saga Falabella S.A,Global Fashion Garments Ltd.,353051,53162,20409
Falabella,Saga Falabella S.A,Lucky Star Apparels Ltd.,798136,170453,96559
Falabella,Saga Falabella S.A,M.M. Knitwear Ltd.,4941,3300,-498
Falabella,Saga Falabella S.A,Mamun Knitwear Ltd,136343,62855,17892
Falabella,Saga Falabella S.A,Medlar Apparels Ltd,203459,31942,20815
Falabella,Saga Falabella S.A,MG Niche Flair Ltd (Unit-2),108958,17200,11150
Falabella,Saga Falabella S.A,Mohammadi Fashion Sweaters Ltd.,97071,19990,7376
Falabella,Saga Falabella S.A,RBSR Fashions Ltd,360396,113414,55045
Falabella,Saga Falabella S.A,Shipra Fashion Limited,99925,35622,12140
Falabella,Saga Falabella S.A,Sonia Fine Knit Limited,72709,16364,8026
Falabella,Saga Falabella S.A,Unique Designers Ltd.,63683,23722,10880
Falabella,Saga Falabella S.A,W Apparels Ltd,73188,18336,8751
Falabella,Saga Falabella S.A,ZAS APPARELS (PVT.) LTD.,63065,17252,8092
Fanatics,Fanatics (International) Ltd,PERI SANTORYO TEKSTIL SAN VE TCI.LTD.STI,358575,7391,11711
Fanatics,Fanatics (International) Ltd,Turan Tekstil SAN. ITH. IHR. VE TIC. LTD. STI.,657193,31940,42066
Fanatics,Fanatics (International) Ltd,VIP Spor Malzemeleri Tekstill SAN. TIC. LTD. STI.,128848,5265,19570
Fanatics,Fanatics (International) Ltd,Yurteks Baski Ve Tekstil San.,246045,6790,23646
Fashioncenter GmbH,Chiemsee GmbH & Co. KG.,Cotton Field (BD) Ltd,134286,15417,0
Fashioncenter GmbH,Chiemsee GmbH & Co. KG.,P.A. Knit Composite Ltd.,13500,3000,2100
Fashioncenter GmbH,Fashioncenter GmbH,Cotton Field (BD) Ltd,784069,156990,55338
Fashioncenter GmbH,Fashioncenter GmbH,P.A. Knit Composite Ltd.,289878,163210,18028
Fashioncenter GmbH,Fashioncenter GmbH,Yurteks Baski Ve Tekstil San.,5851,313,461
FHB original GmbH & Co. KG,FHB original GmbH & Co. KG,GMS Textiles Ltd.,1719472,168840,209148
FHB original GmbH & Co. KG,FHB original GmbH & Co. KG,Haewae Apparel Inc.,118140,5070,14040
Focus International,Focus International Ltd,,15767,1129,0
Focus International,Focus International Ltd,Al-Amin Exports Ltd.,210800,15000,35100
Footasylum Ltd,Footasylum Ltd,Hela Clothing Egypt,426665,34603,56496
Foundry,Foundry Sourcing Ltd.,Far East Knitting & Dyeing Industries Ltd,263595,40600,41535
Foundry,Foundry Sourcing Ltd.,LZ Fashion Wear Ltd.,36600,2000,4610
Foundry,Foundry Sourcing Ltd.,Marks Men Exports,228065,28399,43098
Foundry,Foundry Sourcing Ltd.,Saktidhara Textiles,160898,20395,28715
Foundry,Foundry Sourcing Ltd.,Sathish Fashion,20233,2500,3308
Foundry,Foundry Sourcing Ltd.,Turan Tekstil SAN. ITH. IHR. VE TIC. LTD. STI.,42532,2463,4779
Foundry,Foundry Sourcing Ltd.,Yurteks Baski Ve Tekstil San.,25779,1250,2485
Fruit of the Loom International Ltd,Fruit of the Loom International Ltd,LZ Fashion Wear Ltd.,238140,15120,55188
Fussl,Fussl Modestrasse Mayr GmbH,Adury Apparels Ltd.,107423,21551,5573
Fussl,Fussl Modestrasse Mayr GmbH,Aman Tex Ltd.,393095,83232,66298
Fussl,Fussl Modestrasse Mayr GmbH,Echoknits Ltd.,1961488,210914,395992
Fussl,Fussl Modestrasse Mayr GmbH,Eve Dress Shirts Ltd.,775825,105952,152373
Fussl,Fussl Modestrasse Mayr GmbH,Excom Fashions Ltd.,31369,2385,2385
Fussl,Fussl Modestrasse Mayr GmbH,Fashion Flash Limited,516309,48015,59464
Fussl,Fussl Modestrasse Mayr GmbH,Interfab Shirt Manufacturing Ltd.,98054,10688,23065
Fussl,Fussl Modestrasse Mayr GmbH,Islam Knit Designs Ltd.,898811,212287,165603
Fussl,Fussl Modestrasse Mayr GmbH,Mascot Ltd. DMCC,179692,16410,24004
Fussl,Fussl Modestrasse Mayr GmbH,Medlar Apparels Ltd,207986,18756,38077
Fussl,Fussl Modestrasse Mayr GmbH,MG Knit Flair Ltd.,214513,24354,40422
Fussl,Fussl Modestrasse Mayr GmbH,Pakiza Knit Composite Ltd.,306545,54999,130299
Fussl,Fussl Modestrasse Mayr GmbH,Reaz Export Apparels Ltd,9481,1607,5181
Fussl,Fussl Modestrasse Mayr GmbH,Sonia Fine Knit Limited,238196,30483,48387
Fussl,Fussl Modestrasse Mayr GmbH,That’s It Knit Ltd,61614,5782,11116
Fussl,Fussl Modestrasse Mayr GmbH,The Shanin Corporation Ltd.,390273,44098,52284
Fussl,Fussl Modestrasse Mayr GmbH,Tosrifa Industries Limited,180872,26704,29164
Fussl,Fussl Modestrasse Mayr GmbH,Turag Garments & Hosiery Mills Ltd,661464,98962,70878
Fussl,Fussl Modestrasse Mayr GmbH,WIN INDIA,59701,6630,4415
Fussl,Fussl Modestrasse Mayr GmbH,Yasin Knittex Industries Ltd.,596834,125847,60329
GIII APPAREL GROUP LTD,G-III APPAREL CANADA ULC,Echoknits Ltd.,8883,1260,819
GIII APPAREL GROUP LTD,G-III APPAREL GROUP LTD.,Echoknits Ltd.,29194,4141,2429
GL Dameck,GLD Group,Yurteks Baski Ve Tekstil San.,8449,477,1248
Glassons,Glassons,Jai Knit Creations,396859,115650,46489
Glassons,Glassons,Trendline Exports,590611,182220,73276
Glassons,Glassons,Viga Knit Creation,500230,153895,61730
Hallenstein Brothers,Hallenstein Brothers,,16828,3111,0
Hallenstein Brothers,Hallenstein Brothers,Accord Clothing,164332,38194,13072
Hallenstein Brothers,Hallenstein Brothers,Adury Apparels Ltd.,86645,15500,1550
Hallenstein Brothers,Hallenstein Brothers,BPS Exports,11400,2800,322
Hallenstein Brothers,Hallenstein Brothers,Cozy Clothing Company,128175,30400,10274
Hallenstein Brothers,Hallenstein Brothers,Creative Collections Limited,7524,855,231
Hallenstein Brothers,Hallenstein Brothers,Fashion Flash Limited,13844,2251,4795
Hallenstein Brothers,Hallenstein Brothers,Marks Men Exports,594517,134883,37639
Hallenstein Brothers,Hallenstein Brothers,Sanma Knit Fashions,45576,10858,2695
Hallenstein Brothers,Hallenstein Brothers,Smart Fit Garments,25920,6000,2130
Hallenstein Brothers,Hallenstein Brothers,Vivid Fashions,129510,33100,9574
Hela Brands,Hela Brands Ltd,,6608,168,0
Hela Brands,Hela Brands Ltd,Artistic Design Ltd,30700,2000,5750
Holy Fashion Group,Holy Fashion Group,,6000,1200,0
Holy Fashion Group,Holy Fashion Group,Fakir Apparels Ltd.,44978,4004,6780
Holy Fashion Group,Holy Fashion Group,Graphics Textiles Ltd.,738857,75567,200715
Holy Fashion Group,Holy Fashion Group,Square Fashions Ltd.,1478222,178032,332718
Holy Fashion Group,Holy Fashion Group,Turan Tekstil SAN. ITH. IHR. VE TIC. LTD. STI.,436798,27127,61748
Hummel,Hummel A/S,Teks-Team Gida Nakl.Temizlik San.Tic. LTD. STI,23,2085,0
Hummel,Hummel A/S,VIP Spor Malzemeleri Tekstill SAN. TIC. LTD. STI.,7365034,521315,1059605
Hummel,Hummel A/S,Yurteks Baski Ve Tekstil San.,2614658,190474,428314
Hummel,Hummel Iberica Sport & Fashion,Yurteks Baski Ve Tekstil San.,530547,46700,37997
Iconic,The Iconic,Pakiza Knit Composite Ltd.,200588,35448,64091
IKI-five,IKI-Five,Teks-Team Gida Nakl.Temizlik San.Tic. LTD. STI,48926,900,14664
Inbrands,Inbrands,Indus Intex Pvt Ltd.,32183,3810,2483
Jako AG,Jako AG,,426076,38533,0
Jako AG,Jako AG,4A Yarn Dyeing Ltd.,6581875,552260,836274
Jako AG,Jako AG,Debonair Limited,1086969,63260,115383
Jako AG,Jako AG,GMS Textiles Ltd.,6035442,793330,254322
Jako AG,Jako AG,VIP Spor Malzemeleri Tekstill SAN. TIC. LTD. STI.,119348,6481,16238
Jeans Blue SPA,Jeans Blue SPA,,10074,1820,0
Jeans Blue SPA,Jeans Blue SPA,Casual Garments Ltd.,179950,17636,12240
Jeans Blue SPA,Jeans Blue SPA,Ratool Apparels Ltd.,316334,71554,35836
Jeans Blue SPA,Jeans Blue SPA,That’s It Sports Wear Ltd.,55918,6852,6033
Kariban,Kariban France,Adury Apparels Ltd.,631278,168225,81620
Kariban,Kariban France,Fashion Flash Limited,76200,15000,11100
Kariban,Kariban France,Impress fashion ltd,172191,38640,27407
Kariban,Kariban France,Knit Concern LTD,112182,30750,13676
Kariban,Kariban France,Reaz Export Apparels Ltd,1700457,336504,201337
Lotto,Lotto Sport Italia SPA,Mosharaf Apparels Studio Limited,199435,32202,19224
Marcs David Lawrence Pty Ltd.,Marcs David Lawrence Pty Ltd.,,2135,535,0
Marcs David Lawrence Pty Ltd.,Marcs David Lawrence Pty Ltd.,Fairfax Couture Pvt Ltd,109062,7898,7980
Marcs David Lawrence Pty Ltd.,Marcs David Lawrence Pty Ltd.,Marks Men Exports,69053,14407,12334
Marcs David Lawrence Pty Ltd.,Marcs David Lawrence Pty Ltd.,Sanma Knit Fashions,1796,450,288
Marcs David Lawrence Pty Ltd.,Marcs David Lawrence Pty Ltd.,Sathish Fashion,44391,6477,6801
Mark Seven,Mark Seven Fashion Herrenmoden GmbH & Co.KG,Sri Varshini Knit Fashion,80464,9131,18639
Mark Seven,Mark Seven Fashion Herrenmoden GmbH & Co.KG,Viga Knit Creation,121429,8965,36859
Mascot,Mascot International A/S,Al-Amin Exports Ltd.,68490,3000,14490
Mime USA LLC,Mime USA LLC,Aleya Apparels Ltd.,113981,12186,21321
Mime USA LLC,Mime USA LLC,Heather Tex Egypt FZ,294451,62071,29944
Mime USA LLC,Mime USA LLC,LZ Fashion Wear Ltd.,187239,20088,33910
Miroglio Fashion,Miroglio Fashion,MG Knit Flair Ltd.,747323,95150,124476
Miroglio Fashion,Miroglio Fashion,South End Sweater Co.Ltd,144919,19900,24175
Montura,Montura SRL,,310990,36996,0
Montura,Montura SRL,Lantabur Apparels Ltd.,54485,16350,10868
Mountain Warehouse Ltd.,Mountain Warehouse Ltd.,Fortune Shoes LTD,6759,1025,1390
New Wave Denmark,New Wave Denmark A/S,Teks-Team Gida Nakl.Temizlik San.Tic. LTD. STI,389276,24603,49297
New Wave GMBH,New Wave GMBH,Yurteks Baski Ve Tekstil San.,249682,15533,30271
Next Retail Limited,Next Retail Limited,Haewae Apparel Inc.,212893,8496,17530
Next Retail Limited,Next Retail Limited,Mascot Ltd. DMCC,385574,58080,39090
Next Retail Limited,Next Retail Limited,Q Collection Pte Ltd.,259050,31000,55900
Next Retail Limited,Next Retail Limited,Savi Global Fashion Pvt Ltd,13278,200,878
Next Retail Limited,Next Retail Limited,T-Design Knitwear Ltd.,4007564,301924,1183224
Norty Limited,Norty Ltd,Lantabur Apparels Ltd.,759938,81300,63102
Norty Limited,Norty Ltd,Mosharaf Apparels Studio Limited,1724474,517700,155724
O5 Group,O5 Group,Echoknits Ltd.,37620,6840,2647
O5 Group,O5 Group,Teen Age Modern Fashion Ltd.,26536,6318,17257
Oberalp AG-SPA,Oberalp AG-SPA,KA Design Ltd.,2976366,270448,579116
Olajens Denim As,Olajens Denim AS,Forteks Tekstil Sanayi ve Ticaret limited sirketi,172014,6180,24987
Olajens Denim As,Olajens Denim AS,Version Tekstil Turizm San ve Dış Tic AŞ,18068,645,2390
Panam Sports,Panam Sports,Excom Fashions Ltd.,23985,1150,19691
Panam Sports,Panam Sports,Viga Knit Creation,62271,5330,9474
Philipp Plein International AG,Philipp Plein International AG,Version Tekstil Turizm San ve Dış Tic AŞ,6043,120,3100
Plain Creative,Plain Creative Ltd,Multi-line Industries Limited (Footwear),14430,4800,3760
Premier,Premier Clothing,,56080,7878,0
Premier,Premier Clothing,Adury Apparels Ltd.,735071,128736,55161
Premier,Premier Clothing,Core Spun Apparel Ltd,230835,67932,28196
Premier,Premier Clothing,Crown Wears Private Ltd,865913,149400,123590
Premier,Premier Clothing,Eve Dress Shirts Ltd.,616230,133794,74195
Premier,Premier Clothing,Ever Bright Sweater Ltd,128455,20694,22716
Premier,Premier Clothing,Fashion Flash Limited,1656451,521248,212153
Premier,Premier Clothing,HKD SINGAPORE PTE. LTD,126176,10416,30179
Premier,Premier Clothing,Impress fashion ltd,1126061,215238,166566
Premier,Premier Clothing,Indarsen Shamlal (P) Ltd.,15176,10050,6432
Premier,Premier Clothing,K.C Lingerie LTD,37229,10104,5374
Premier,Premier Clothing,Knit Concern LTD,546886,96548,52415
Premier,Premier Clothing,Naga Garments Co,725974,215952,136441
Premier,Premier Clothing,Pakiza Knit Composite Ltd.,605622,151232,266270
Premier,Premier Clothing,Purbachal Apparel Limited.,1622042,596817,180793
Premier,Premier Clothing,Sonia & Sweaters Limited,908323,137406,170072
Premier,Premier Clothing,Square Apparels Ltd. (Garments Unit),598299,118820,84391
Premier,Premier Clothing,Square Denims Limited,389706,50868,47764
Premier,Premier Clothing,Square Fashions Ltd.,2700,600,300
Premier,Ralawise Ltd,,47300,8000,0
Premier,Ralawise Ltd,Adury Apparels Ltd.,398412,63310,60073
Premier,Ralawise Ltd,Ever Bright Sweater Ltd,61000,6660,16277
Premier,Ralawise Ltd,Fashion Flash Limited,137059,35044,21901
Premier,Ralawise Ltd,Greenhome Furnishings Private Limited,1217623,1755200,104701
Premier,Ralawise Ltd,Impress fashion ltd,110160,28000,20020
Premier,Ralawise Ltd,Indarsen Shamlal (P) Ltd.,17886,30940,1175
Premier,Ralawise Ltd,K.C Lingerie LTD,236029,47840,25683
Premier,Ralawise Ltd,Knit Concern LTD,892990,145490,102022
Premier,Ralawise Ltd,Pakiza Knit Composite Ltd.,383105,138798,109630
Premier,Ralawise Ltd,Purbachal Apparel Limited.,51529,13660,8201
Premier,Ralawise Ltd,Saktidhara Textiles,122270,20160,14414
Premier,Ralawise Ltd,Shri Pranav Textile Creations Private Limited,95817,96760,8747
Premier,Ralawise Ltd,Sonia & Sweaters Limited,77062,8976,16915
Premier,Ralawise Ltd,Square Denims Limited,500070,61456,93311
Primark,Primark,Ever Bright Sweater Ltd,217880,41900,16760
Primark,Primark,Mascot Ltd. DMCC,245214,28680,30114
Punch GMBH,Punch GMBH,Saktidhara Textiles,71743,11523,9619
Reflo,Reflo,Yurteks Baski Ve Tekstil San.,480174,35351,85081
Reiss,Reiss,Square Apparels Ltd. (Garments Unit),294486,21190,76669
Reiss,Reiss,Square Fashions Ltd.,185361,15945,23574
Reiss,Reiss,Turan Tekstil SAN. ITH. IHR. VE TIC. LTD. STI.,61576,4400,2978
Renner,Lojas Renner S.A.,,218260,42730,0
Renner,Lojas Renner S.A.,Daeyu Bangladesh Ltd.,1221957,284503,93537
Renner,Lojas Renner S.A.,Greenhome Furnishings Private Limited,413748,49352,28898
Renner,Lojas Renner S.A.,Harry Fashion Ltd.,2639151,591222,207771
Renner,Lojas Renner S.A.,Indian Village Handicrafts,3638,960,374
Renner,Lojas Renner S.A.,Karooni Knit Composite Ltd.,402339,148180,31330
Renner,Lojas Renner S.A.,Mahajan Overseas,12320,2690,1022
Renner,Lojas Renner S.A.,Multifabs Limited,406829,116829,21104
Renner,Lojas Renner S.A.,Natraj Home Furnishings Pvt. Ltd.,125808,21108,9114
Renner,Lojas Renner S.A.,Oxford Shirts Ltd.,102420,25800,4152
Renner,Lojas Renner S.A.,Season Coir Works,39319,15770,6128
Renner,Lojas Renner S.A.,T-Design Knitwear Ltd.,3585542,917558,199760
Renner,Lojas Renner S.A.,Teen Age Modern Fashion Ltd.,3368010,1222028,269155
Renner,Lojas Renner S.A.,That’s It Knit Ltd,933444,194399,61641
Retail Apparel,Retail Apparel Group (RAG) Pty Ltd,,168163,27710,0
Retail Apparel,Retail Apparel Group (RAG) Pty Ltd,Adury Apparels Ltd.,769814,218454,59919
Retail Apparel,Retail Apparel Group (RAG) Pty Ltd,Ananta Jeanswear Limited,1435661,128591,172871
Retail Apparel,Retail Apparel Group (RAG) Pty Ltd,Celebrity Fashions Ltd.,181087,17360,14066
Retail Apparel,Retail Apparel Group (RAG) Pty Ltd,Craftsman Footwear and Accessories Limited,38320,2905,7092
Retail Apparel,Retail Apparel Group (RAG) Pty Ltd,Echoknits Ltd.,246638,28020,22186
Retail Apparel,Retail Apparel Group (RAG) Pty Ltd,Eve Dress Shirts Ltd.,956761,115940,108465
Retail Apparel,Retail Apparel Group (RAG) Pty Ltd,Graphics Textiles Ltd.,3412479,758888,310369
Retail Apparel,Retail Apparel Group (RAG) Pty Ltd,Pakiza Knit Composite Ltd.,537532,139802,51781
Retail Apparel,Retail Apparel Group (RAG) Pty Ltd,Tech Max Limited,14808,4200,4836
Retail Apparel,Retail Apparel Group (RAG) Pty Ltd,WIN INDIA,177126,16070,11381
Retail Apparel,Retail Apparel Group (RAG) Pty Ltd,Zamco Apparel Pvt Ltd,4169,3300,1252
Ripley,Comercial Eccsa SA,,48205,12301,0
Ripley,Comercial Eccsa SA,Agami Apparels Limited,206793,26295,9315
Ripley,Comercial Eccsa SA,Echoknits Ltd.,571732,113178,37155
Ripley,Comercial Eccsa SA,Eve Dress Shirts Ltd.,249842,50086,25800
Ripley,Comercial Eccsa SA,Excom Fashions Ltd.,965460,138344,88093
Ripley,Comercial Eccsa SA,Fashion Knit Garments Ltd.,63041,28657,4489
Ripley,Comercial Eccsa SA,MF Apparels LTD.,273387,94945,38503
Ripley,Comercial Eccsa SA,Mitali Fashions Ltd.,333419,148981,10439
Ripley,Comercial Eccsa SA,NRN Knitting & Garments Ltd,191731,67853,18117
Ripley,Comercial Eccsa SA,Om Enterprises,12818,1550,1386
Ripley,Comercial Eccsa SA,P.A. Knit Composite Ltd.,331452,131807,25187
Ripley,Comercial Eccsa SA,Paramount Home Collections Private Ltd,21816,3200,1816
Ripley,Comercial Eccsa SA,South End Sweater Co.Ltd,9129,2232,759
Ripley,Comercial Eccsa SA,T-Design Knitwear Ltd.,142914,32496,13832
Ripley,Tiendas Por Departamento Ripley S.A.C.,,19302,2977,0
Ripley,Tiendas Por Departamento Ripley S.A.C.,Agami Apparels Limited,129454,18520,5663
Ripley,Tiendas Por Departamento Ripley S.A.C.,Echoknits Ltd.,137708,26143,11563
Ripley,Tiendas Por Departamento Ripley S.A.C.,Eve Dress Shirts Ltd.,201180,38100,19910
Ripley,Tiendas Por Departamento Ripley S.A.C.,Excom Fashions Ltd.,782122,107040,82068
Ripley,Tiendas Por Departamento Ripley S.A.C.,Fashion Knit Garments Ltd.,42257,16321,4471
Ripley,Tiendas Por Departamento Ripley S.A.C.,MF Apparels LTD.,108630,37881,11466
Ripley,Tiendas Por Departamento Ripley S.A.C.,Mitali Fashions Ltd.,133938,49710,10692
Ripley,Tiendas Por Departamento Ripley S.A.C.,NRN Knitting & Garments Ltd,123838,40677,12562
Ripley,Tiendas Por Departamento Ripley S.A.C.,P.A. Knit Composite Ltd.,164701,64318,11464
Ripley,Tiendas Por Departamento Ripley S.A.C.,Paramount Home Collections Private Ltd,12944,1888,1065
Ripley,Tiendas Por Departamento Ripley S.A.C.,T-Design Knitwear Ltd.,40333,9312,3871
Riverklen S.A,Riverklen S.A,,10557,2600,0
Riverklen S.A,Riverklen S.A,Casual Garments Ltd.,10803,962,1341
Riverklen S.A,Riverklen S.A,Ratool Apparels Ltd.,4029,1170,938
Riverklen S.A,Riverklen S.A,That’s It Sports Wear Ltd.,4096,520,618
Schwarz Group,Schwarz Beschaffung GmbH,Indus Intex Pvt Ltd.,109633,17120,10665
Schwarz Group,Schwarz Beschaffung GmbH,Mitali Fashions Ltd.,359778,64313,40947
Sport Vision,BDS Slovakia S.R.O.,GMS Composite Knitting Ind. Ltd.,487890,174538,48399
Sport Vision,BDS Slovakia S.R.O.,GMS Textiles Ltd.,162123,50811,20533
Sport Vision,BDS Slovakia S.R.O.,Libas Textiles Ltd.,465110,101942,115037
Sport Vision,BDS Slovakia S.R.O.,LZ Fashion Wear Ltd.,108666,25646,15437
Sport Vision,BDS Slovakia S.R.O.,Mitali Fashions Ltd.,33924,11232,4942
Sport Vision,BDS Slovakia S.R.O.,Mondol Fabrics Ltd.,1406708,253232,177751
Sport Vision,BDS Slovakia S.R.O.,P.A. Knit Composite Ltd.,170850,30634,35045
Sport Vision,BDS Trade Limited,,191794,40772,0
Sport Vision,BDS Trade Limited,GMS Composite Knitting Ind. Ltd.,38910,14602,2450
Sport Vision,BDS Trade Limited,GMS Textiles Ltd.,60893,17627,4415
Sport Vision,BDS Trade Limited,Lantabur Apparels Ltd.,248939,61117,45281
Sport Vision,BDS Trade Limited,Libas Textiles Ltd.,160218,22765,35691
Sport Vision,BDS Trade Limited,LZ Fashion Wear Ltd.,44476,5596,4690
Sport Vision,BDS Trade Limited,Mondol Fabrics Ltd.,123495,30384,9864
Sport Vision,Sport Vision D.O.O - Bosnia,,77476,14693,0
Sport Vision,Sport Vision D.O.O - Bosnia,GMS Composite Knitting Ind. Ltd.,635813,229190,63798
Sport Vision,Sport Vision D.O.O - Bosnia,GMS Textiles Ltd.,443344,142865,56936
Sport Vision,Sport Vision D.O.O - Bosnia,Libas Textiles Ltd.,231007,64574,58602
Sport Vision,Sport Vision D.O.O - Bosnia,LZ Fashion Wear Ltd.,108438,25133,15053
Sport Vision,Sport Vision D.O.O - Bosnia,Mondol Fabrics Ltd.,1200317,226239,147305
Sport Vision,Sport Vision D.O.O - Bosnia,P.A. Knit Composite Ltd.,28474,5950,5008
Sport Vision,Sport Vision D.O.O - Serbia,,614,208,0
Sport Vision,Sport Vision D.O.O - Serbia,GMS Composite Knitting Ind. Ltd.,48806,17791,2607
Sport Vision,Sport Vision D.O.O - Serbia,GMS Textiles Ltd.,194691,62805,24979
Sport Vision,Sport Vision D.O.O - Serbia,Libas Textiles Ltd.,230419,51930,58226
Sport Vision,Sport Vision D.O.O - Serbia,LZ Fashion Wear Ltd.,58942,12852,7201
Sport Vision,Sport Vision D.O.O - Serbia,Mitali Fashions Ltd.,16171,5110,3201
Sport Vision,Sport Vision D.O.O - Serbia,Mondol Fabrics Ltd.,219243,39302,31179
Sport Vision,Sport Vision D.O.O - Serbia,P.A. Knit Composite Ltd.,66433,13256,12937
Sport Vision,Sport Vision Trading S.R.L.,GMS Composite Knitting Ind. Ltd.,49242,17832,2724
Sport Vision,Sport Vision Trading S.R.L.,GMS Textiles Ltd.,93671,29140,11967
Sport Vision,Sport Vision Trading S.R.L.,Libas Textiles Ltd.,160418,33404,39765
Sport Vision,Sport Vision Trading S.R.L.,LZ Fashion Wear Ltd.,33304,7872,4709
Sport Vision,Sport Vision Trading S.R.L.,Mitali Fashions Ltd.,6361,2146,748
Sport Vision,Sport Vision Trading S.R.L.,Mondol Fabrics Ltd.,238671,43927,32967
Sport Vision,Sport Vision Trading S.R.L.,P.A. Knit Composite Ltd.,66486,12652,13848
Sportex,Comercial Sportex Limitada,NRN Knitting & Garments Ltd,52394,19987,3633
Sports Pro,Sports Pro - Hummel,Marks Men Exports,43849,6766,9602
SportsPro Limited,SportsPro Limited,VIP Spor Malzemeleri Tekstill SAN. TIC. LTD. STI.,2519149,207199,243082
SportsPro Limited,SportsPro Limited,Yurteks Baski Ve Tekstil San.,834884,68383,78089
Sportswear Brands,Sportswear Brands S.R.L,Hornbill Apparel Limited,163226,16806,35035
Sportswear Brands,Sportswear Brands S.R.L,Incredible Fashions Limited,122260,12600,17265
Sportswear Brands,Sportswear Brands S.R.L,Mascot Ltd. DMCC,5200,1300,1170
Sportswear Brands,Sportswear Brands S.R.L,Mosharaf Apparels Studio Limited,254578,34438,52493
Sportswear Brands,Sportswear Brands S.R.L,Santic (Bangladesh) Co. Ltd.,43060,3200,2970
Sportup SRL,Sportup SRL,Mosharaf Apparels Studio Limited,525865,104808,70957
Sportup SRL,Sportup SRL,OMC FOOTWEAR LIMITED,118515,18990,17570
Sportup SRL,Sportup SRL,Tech Max Limited,5600,2000,1520
Squared Circle,Squared Circle,,5050,92,0
Startex APS,Startex APS,Alliance Knit Composite Ltd.,589080,112778,72114
The Levy Group,The Levy Group Canada Apparel ULC,South End Sweater Co.Ltd,31840,3200,5184
The Levy Group,The Levy Group Inc,,8082,979,0
The Levy Group,The Levy Group Inc,Sakthi Infra Tex Private Ltd,103793,6856,30327
Tottus,Hipermercados Tottus S.A.,Apparels Village Limited,330593,84099,52297
Tottus,Hipermercados Tottus S.A.,Bongo Stitches Ltd.,4722,1200,565
Tottus,Hipermercados Tottus S.A.,Lucky Star Apparels Ltd.,609879,160350,65802
Tottus,Hipermercados Tottus S.A.,Mamun Knitwear Ltd,900139,487661,97743
Tottus,Hipermercados Tottus S.A.,Pakiza Knit Composite Ltd.,315831,264854,39784
Tottus,Hipermercados Tottus S.A.,Sonia & Sweaters Limited,102298,25088,6377
Tottus,Hipermercados Tottus S.A.,W Apparels Ltd,879673,219545,90470
Tottus,Hipermercados Tottus S.A.,ZAS APPARELS (PVT.) LTD.,62265,17812,4323
Tottus,Hipermercados Tottus S.A.,Zon Ron Sweaters Ltd.,19014,4356,1444
Tottus,Hipermercados Tottus S.A. (Chile),Apparels Village Limited,37637,10740,6574
Tottus,Hipermercados Tottus S.A. (Chile),Lucky Star Apparels Ltd.,98598,26198,9906
Tottus,Hipermercados Tottus S.A. (Chile),Mamun Knitwear Ltd,169979,87680,16898
Tottus,Hipermercados Tottus S.A. (Chile),Pakiza Knit Composite Ltd.,70970,58870,8988
Tottus,Hipermercados Tottus S.A. (Chile),W Apparels Ltd,116755,30090,11527
Tottus,Hipermercados Tottus S.A. (Chile),ZAS APPARELS (PVT.) LTD.,25174,7752,2496
Trading Fashion Line S.A.,Trading Fashion Line S.A.,N.A.Z Bangladesh Limited,172630,89638,20101
Truworths,Int. Sourcing Dept Truworths,RBSR Fashions Ltd,52731,23250,8236
Truworths,Int. Sourcing Dept Truworths,South End Sweater Co.Ltd,22888,3480,2582
Truworths,Truworths Ltd.,AJ Fashions Ltd,72460,13900,6020
Truworths,Truworths Ltd.,CTC International,7174,1464,586
Truworths,Truworths Ltd.,Dignity Innovations,20748,3990,2394
Truworths,Truworths Ltd.,NVS Garments,45943,13730,7078
Truworths,Truworths Ltd.,Singla Home Fashion,8320,960,960
Truworths,Truworths Ltd.,Trendline Exports,5000,2000,600
Unipro,Asia Trading,Echoknits Ltd.,128990,12840,21218
Unipro,Unipro International (NJ),Echoknits Ltd.,65641,6456,8203
WIP INC,WIP INC,,14700,1500,0
WIP INC,WIP INC,Graphics Textiles Ltd.,417970,119112,55078
WIP INC,WIP INC,Mitali Fashions Ltd.,73900,8300,5605
WIP INC,WIP Work In Progress Ltd,Mitali Fashions Ltd.,179741,19440,8771
Xtend BV,Xtend BV,Teks-Team Gida Nakl.Temizlik San.Tic. LTD. STI,58372,3370,9099
